#,Keyword,Bucket,Intent,Est_MSV_band_claude,Likely_competition,AI_Overview_likely,DataForSEO_MSV,DataForSEO_competition,SERP_top3_live,Content_angle,Target_route,Page_status,Primary_CTA,Internal_links,Schema_additions,Status,Notes
1,long stay serviced apartments marylebone,A1 long-stay,commercial,50-200,medium,Y,,,"Authoritative 'how long-stay actually works in Regent's Park & Marylebone' — real per-week pricing math, bills-included breakdown vs assured shorthold tenancy, council-tax angle. Staylio has actual multi-month bookings here.",/guides/long-stay-regents-park-marylebone,NEW,WhatsApp Ali +44 7375 621453,"/locations/regents-park-marylebone, /corporate, /faq, 2x listings in area","Article, FAQPage, BreadcrumbList",CANDIDATE · PENDING_DATAFORSEO,,
2,long stay serviced apartments shoreditch,A1 long-stay,commercial,50-200,medium,Y,,,"Authoritative 'how long-stay actually works in Old Street & Shoreditch' — real per-week pricing math, bills-included breakdown vs assured shorthold tenancy, council-tax angle. Staylio has actual multi-month bookings here.",/guides/long-stay-old-street-shoreditch,NEW,WhatsApp Ali +44 7375 621453,"/locations/old-street-shoreditch, /corporate, /faq, 2x listings in area","Article, FAQPage, BreadcrumbList",CANDIDATE · PENDING_DATAFORSEO,,
3,long stay serviced apartments kensington,A1 long-stay,commercial,50-200,medium,Y,,,"Authoritative 'how long-stay actually works in Kensington & Hammersmith' — real per-week pricing math, bills-included breakdown vs assured shorthold tenancy, council-tax angle. Staylio has actual multi-month bookings here.",/guides/long-stay-kensington-hammersmith,NEW,WhatsApp Ali +44 7375 621453,"/locations/kensington-hammersmith, /corporate, /faq, 2x listings in area","Article, FAQPage, BreadcrumbList",CANDIDATE · PENDING_DATAFORSEO,,
4,long stay serviced apartments mayfair,A1 long-stay,commercial,50-200,medium,Y,,,"Authoritative 'how long-stay actually works in Fitzrovia & Mayfair' — real per-week pricing math, bills-included breakdown vs assured shorthold tenancy, council-tax angle. Staylio has actual multi-month bookings here.",/guides/long-stay-fitzrovia-mayfair,NEW,WhatsApp Ali +44 7375 621453,"/locations/fitzrovia-mayfair, /corporate, /faq, 2x listings in area","Article, FAQPage, BreadcrumbList",CANDIDATE · PENDING_DATAFORSEO,,
5,long stay serviced apartments farringdon,A1 long-stay,commercial,50-200,medium,Y,,,"Authoritative 'how long-stay actually works in Barbican & Farringdon' — real per-week pricing math, bills-included breakdown vs assured shorthold tenancy, council-tax angle. Staylio has actual multi-month bookings here.",/guides/long-stay-barbican-farringdon,NEW,WhatsApp Ali +44 7375 621453,"/locations/barbican-farringdon, /corporate, /faq, 2x listings in area","Article, FAQPage, BreadcrumbList",CANDIDATE · PENDING_DATAFORSEO,,
6,long stay serviced apartments borough,A1 long-stay,commercial,50-200,medium,Y,,,"Authoritative 'how long-stay actually works in Borough & Pimlico' — real per-week pricing math, bills-included breakdown vs assured shorthold tenancy, council-tax angle. Staylio has actual multi-month bookings here.",/guides/long-stay-borough-pimlico,NEW,WhatsApp Ali +44 7375 621453,"/locations/borough-pimlico, /corporate, /faq, 2x listings in area","Article, FAQPage, BreadcrumbList",CANDIDATE · PENDING_DATAFORSEO,,
7,long stay serviced apartments maida vale,A1 long-stay,commercial,50-200,medium,Y,,,"Authoritative 'how long-stay actually works in Little Venice & Maida Vale' — real per-week pricing math, bills-included breakdown vs assured shorthold tenancy, council-tax angle. Staylio has actual multi-month bookings here.",/guides/long-stay-little-venice-maida-vale,NEW,WhatsApp Ali +44 7375 621453,"/locations/little-venice-maida-vale, /corporate, /faq, 2x listings in area","Article, FAQPage, BreadcrumbList",CANDIDATE · PENDING_DATAFORSEO,,
8,monthly rental apartments marylebone,A2 monthly,commercial,30-150,medium,N,,,Monthly stay math in Regent's Park & Marylebone: from-£/month vs Airbnb monthly vs traditional rental. Show 4-week vs 8-week price step-down. Real Staylio rates.,/guides/monthly-rental-regents-park-marylebone,NEW,WhatsApp Ali +44 7375 621453,"/locations/regents-park-marylebone, /apartments-vs-hotels, 3x listings","Article, FAQPage, Offer",CANDIDATE · PENDING_DATAFORSEO,,
9,monthly rental apartments shoreditch,A2 monthly,commercial,30-150,medium,N,,,Monthly stay math in Old Street & Shoreditch: from-£/month vs Airbnb monthly vs traditional rental. Show 4-week vs 8-week price step-down. Real Staylio rates.,/guides/monthly-rental-old-street-shoreditch,NEW,WhatsApp Ali +44 7375 621453,"/locations/old-street-shoreditch, /apartments-vs-hotels, 3x listings","Article, FAQPage, Offer",CANDIDATE · PENDING_DATAFORSEO,,
10,monthly rental apartments kensington,A2 monthly,commercial,30-150,medium,N,,,Monthly stay math in Kensington & Hammersmith: from-£/month vs Airbnb monthly vs traditional rental. Show 4-week vs 8-week price step-down. Real Staylio rates.,/guides/monthly-rental-kensington-hammersmith,NEW,WhatsApp Ali +44 7375 621453,"/locations/kensington-hammersmith, /apartments-vs-hotels, 3x listings","Article, FAQPage, Offer",CANDIDATE · PENDING_DATAFORSEO,,
11,monthly rental apartments mayfair,A2 monthly,commercial,30-150,medium,N,,,Monthly stay math in Fitzrovia & Mayfair: from-£/month vs Airbnb monthly vs traditional rental. Show 4-week vs 8-week price step-down. Real Staylio rates.,/guides/monthly-rental-fitzrovia-mayfair,NEW,WhatsApp Ali +44 7375 621453,"/locations/fitzrovia-mayfair, /apartments-vs-hotels, 3x listings","Article, FAQPage, Offer",CANDIDATE · PENDING_DATAFORSEO,,
12,monthly rental apartments farringdon,A2 monthly,commercial,30-150,medium,N,,,Monthly stay math in Barbican & Farringdon: from-£/month vs Airbnb monthly vs traditional rental. Show 4-week vs 8-week price step-down. Real Staylio rates.,/guides/monthly-rental-barbican-farringdon,NEW,WhatsApp Ali +44 7375 621453,"/locations/barbican-farringdon, /apartments-vs-hotels, 3x listings","Article, FAQPage, Offer",CANDIDATE · PENDING_DATAFORSEO,,
13,monthly rental apartments borough london,A2 monthly,commercial,30-150,medium,N,,,Monthly stay math in Borough & Pimlico: from-£/month vs Airbnb monthly vs traditional rental. Show 4-week vs 8-week price step-down. Real Staylio rates.,/guides/monthly-rental-borough-pimlico,NEW,WhatsApp Ali +44 7375 621453,"/locations/borough-pimlico, /apartments-vs-hotels, 3x listings","Article, FAQPage, Offer",CANDIDATE · PENDING_DATAFORSEO,,
14,monthly rental apartments maida vale,A2 monthly,commercial,30-150,medium,N,,,Monthly stay math in Little Venice & Maida Vale: from-£/month vs Airbnb monthly vs traditional rental. Show 4-week vs 8-week price step-down. Real Staylio rates.,/guides/monthly-rental-little-venice-maida-vale,NEW,WhatsApp Ali +44 7375 621453,"/locations/little-venice-maida-vale, /apartments-vs-hotels, 3x listings","Article, FAQPage, Offer",CANDIDATE · PENDING_DATAFORSEO,,
15,furnished apartments marylebone short term,A3 furnished,commercial,100-400,medium-high,N,,,"Relocation-grade furnished apartments in Regent's Park & Marylebone. What's included (linen, kitchen kit, smart lock, council tax), photo walkthrough of 3 representative units, how soon you can move in.",/guides/furnished-regents-park-marylebone,NEW,WhatsApp Ali +44 7375 621453,"/locations/regents-park-marylebone, /corporate, 3x listings","Article, FAQPage, Product",CANDIDATE · PENDING_DATAFORSEO,,
16,furnished apartments shoreditch,A3 furnished,commercial,100-400,medium-high,N,,,"Relocation-grade furnished apartments in Old Street & Shoreditch. What's included (linen, kitchen kit, smart lock, council tax), photo walkthrough of 3 representative units, how soon you can move in.",/guides/furnished-old-street-shoreditch,NEW,WhatsApp Ali +44 7375 621453,"/locations/old-street-shoreditch, /corporate, 3x listings","Article, FAQPage, Product",CANDIDATE · PENDING_DATAFORSEO,,
17,furnished apartments kensington london,A3 furnished,commercial,100-400,medium-high,N,,,"Relocation-grade furnished apartments in Kensington & Hammersmith. What's included (linen, kitchen kit, smart lock, council tax), photo walkthrough of 3 representative units, how soon you can move in.",/guides/furnished-kensington-hammersmith,NEW,WhatsApp Ali +44 7375 621453,"/locations/kensington-hammersmith, /corporate, 3x listings","Article, FAQPage, Product",CANDIDATE · PENDING_DATAFORSEO,,
18,furnished apartments mayfair short term,A3 furnished,commercial,100-400,medium-high,N,,,"Relocation-grade furnished apartments in Fitzrovia & Mayfair. What's included (linen, kitchen kit, smart lock, council tax), photo walkthrough of 3 representative units, how soon you can move in.",/guides/furnished-fitzrovia-mayfair,NEW,WhatsApp Ali +44 7375 621453,"/locations/fitzrovia-mayfair, /corporate, 3x listings","Article, FAQPage, Product",CANDIDATE · PENDING_DATAFORSEO,,
19,furnished apartments farringdon,A3 furnished,commercial,100-400,medium-high,N,,,"Relocation-grade furnished apartments in Barbican & Farringdon. What's included (linen, kitchen kit, smart lock, council tax), photo walkthrough of 3 representative units, how soon you can move in.",/guides/furnished-barbican-farringdon,NEW,WhatsApp Ali +44 7375 621453,"/locations/barbican-farringdon, /corporate, 3x listings","Article, FAQPage, Product",CANDIDATE · PENDING_DATAFORSEO,,
20,furnished apartments pimlico london,A3 furnished,commercial,100-400,medium-high,N,,,"Relocation-grade furnished apartments in Borough & Pimlico. What's included (linen, kitchen kit, smart lock, council tax), photo walkthrough of 3 representative units, how soon you can move in.",/guides/furnished-borough-pimlico,NEW,WhatsApp Ali +44 7375 621453,"/locations/borough-pimlico, /corporate, 3x listings","Article, FAQPage, Product",CANDIDATE · PENDING_DATAFORSEO,,
21,furnished apartments maida vale,A3 furnished,commercial,100-400,medium-high,N,,,"Relocation-grade furnished apartments in Little Venice & Maida Vale. What's included (linen, kitchen kit, smart lock, council tax), photo walkthrough of 3 representative units, how soon you can move in.",/guides/furnished-little-venice-maida-vale,NEW,WhatsApp Ali +44 7375 621453,"/locations/little-venice-maida-vale, /corporate, 3x listings","Article, FAQPage, Product",CANDIDATE · PENDING_DATAFORSEO,,
22,family apartments marylebone london,A4 family,commercial,30-120,medium,N,,,"Family-friendly stays in Regent's Park & Marylebone: 2-bed config, cot/highchair availability, walking distance to playgrounds + museums, school-half-term-friendly cancellation. Show 2-bed inventory only.",/guides/family-regents-park-marylebone,NEW,WhatsApp Ali +44 7375 621453,"/locations/regents-park-marylebone, /apartments?bedrooms=2, /faq#family","Article, FAQPage, Product",CANDIDATE · PENDING_DATAFORSEO,,
23,family apartments shoreditch,A4 family,commercial,30-120,medium,N,,,"Family-friendly stays in Old Street & Shoreditch: 2-bed config, cot/highchair availability, walking distance to playgrounds + museums, school-half-term-friendly cancellation. Show 2-bed inventory only.",/guides/family-old-street-shoreditch,NEW,WhatsApp Ali +44 7375 621453,"/locations/old-street-shoreditch, /apartments?bedrooms=2, /faq#family","Article, FAQPage, Product",CANDIDATE · PENDING_DATAFORSEO,,
24,family apartments kensington london,A4 family,commercial,30-120,medium,N,,,"Family-friendly stays in Kensington & Hammersmith: 2-bed config, cot/highchair availability, walking distance to playgrounds + museums, school-half-term-friendly cancellation. Show 2-bed inventory only.",/guides/family-kensington-hammersmith,NEW,WhatsApp Ali +44 7375 621453,"/locations/kensington-hammersmith, /apartments?bedrooms=2, /faq#family","Article, FAQPage, Product",CANDIDATE · PENDING_DATAFORSEO,,
25,family apartments mayfair,A4 family,commercial,30-120,medium,N,,,"Family-friendly stays in Fitzrovia & Mayfair: 2-bed config, cot/highchair availability, walking distance to playgrounds + museums, school-half-term-friendly cancellation. Show 2-bed inventory only.",/guides/family-fitzrovia-mayfair,NEW,WhatsApp Ali +44 7375 621453,"/locations/fitzrovia-mayfair, /apartments?bedrooms=2, /faq#family","Article, FAQPage, Product",CANDIDATE · PENDING_DATAFORSEO,,
26,family apartments near barbican,A4 family,commercial,30-120,medium,N,,,"Family-friendly stays in Barbican & Farringdon: 2-bed config, cot/highchair availability, walking distance to playgrounds + museums, school-half-term-friendly cancellation. Show 2-bed inventory only.",/guides/family-barbican-farringdon,NEW,WhatsApp Ali +44 7375 621453,"/locations/barbican-farringdon, /apartments?bedrooms=2, /faq#family","Article, FAQPage, Product",CANDIDATE · PENDING_DATAFORSEO,,
27,2 bedroom apartment borough london,A4 family,commercial,30-120,medium,N,,,"Family-friendly stays in Borough & Pimlico: 2-bed config, cot/highchair availability, walking distance to playgrounds + museums, school-half-term-friendly cancellation. Show 2-bed inventory only.",/guides/family-borough-pimlico,NEW,WhatsApp Ali +44 7375 621453,"/locations/borough-pimlico, /apartments?bedrooms=2, /faq#family","Article, FAQPage, Product",CANDIDATE · PENDING_DATAFORSEO,,
28,2 bedroom apartment little venice,A4 family,commercial,30-120,medium,N,,,"Family-friendly stays in Little Venice & Maida Vale: 2-bed config, cot/highchair availability, walking distance to playgrounds + museums, school-half-term-friendly cancellation. Show 2-bed inventory only.",/guides/family-little-venice-maida-vale,NEW,WhatsApp Ali +44 7375 621453,"/locations/little-venice-maida-vale, /apartments?bedrooms=2, /faq#family","Article, FAQPage, Product",CANDIDATE · PENDING_DATAFORSEO,,
29,corporate serviced apartments marylebone,A5 corporate×area,commercial,30-150,medium,N,,,"Corporate stays in Regent's Park & Marylebone: PO billing, monthly invoicing, dedicated AM, Wi-Fi speed receipts, work-from-home set-up, who else has stayed (anonymised sectors).",/guides/corporate-stays-regents-park-marylebone,NEW (cross-link from /corporate),WhatsApp Ali +44 7375 621453,"/corporate, /locations/regents-park-marylebone, 2x business-friendly listings","Article, FAQPage, Service",CANDIDATE · PENDING_DATAFORSEO,,
30,corporate apartments shoreditch tech companies,A5 corporate×area,commercial,30-150,medium,N,,,"Corporate stays in Old Street & Shoreditch — TECH FIRST: founder/engineer rotational stays, near Google/Meta/Visa offices, post-funding-round leadership relocations.",/guides/corporate-stays-old-street-shoreditch,NEW (cross-link from /corporate),WhatsApp Ali +44 7375 621453,"/corporate, /locations/old-street-shoreditch, 2x business-friendly listings","Article, FAQPage, Service",CANDIDATE · PENDING_DATAFORSEO,,
31,corporate apartments kensington,A5 corporate×area,commercial,30-150,medium,N,,,"Corporate stays in Kensington & Hammersmith — embassy + healthcare + pharma audience. Imperial Healthcare Trust, embassy guests, Imperial College visiting fellows.",/guides/corporate-stays-kensington-hammersmith,NEW (cross-link from /corporate),WhatsApp Ali +44 7375 621453,"/corporate, /locations/kensington-hammersmith, 2x business-friendly listings","Article, FAQPage, Service",CANDIDATE · PENDING_DATAFORSEO,,
32,corporate apartments mayfair,A5 corporate×area,commercial,30-150,medium,N,,,"Corporate stays in Fitzrovia & Mayfair — PE/VC/luxury-brand executive audience. Walk to Berkeley Square, Bond Street, Charlotte Street meetings.",/guides/corporate-stays-fitzrovia-mayfair,NEW (cross-link from /corporate),WhatsApp Ali +44 7375 621453,"/corporate, /locations/fitzrovia-mayfair, 2x business-friendly listings","Article, FAQPage, Service",CANDIDATE · PENDING_DATAFORSEO,,
33,corporate apartments farringdon,A5 corporate×area,commercial,30-150,medium,N,,,Corporate stays in Barbican & Farringdon — Elizabeth-line City + Canary Wharf reach. Direct lines to Heathrow + Canary Wharf. Big-4 audit / consulting rotation audience.,/guides/corporate-stays-barbican-farringdon,NEW (cross-link from /corporate),WhatsApp Ali +44 7375 621453,"/corporate, /locations/barbican-farringdon, 2x business-friendly listings","Article, FAQPage, Service",CANDIDATE · PENDING_DATAFORSEO,,
34,corporate apartments pimlico london,A5 corporate×area,commercial,30-150,medium,N,,,"Corporate stays in Borough & Pimlico — government + civil-service + SW1 audience. Walk to Westminster, near Lambeth Palace.",/guides/corporate-stays-borough-pimlico,NEW (cross-link from /corporate),WhatsApp Ali +44 7375 621453,"/corporate, /locations/borough-pimlico, 2x business-friendly listings","Article, FAQPage, Service",CANDIDATE · PENDING_DATAFORSEO,,
35,corporate apartments near paddington,A5 corporate×area,commercial,30-150,medium,N,,,"Corporate stays near Paddington — Heathrow Express, fly-in/fly-out audience. Maida Vale residential calm + 4-stop Bakerloo to West End.",/guides/corporate-stays-little-venice-maida-vale,NEW (cross-link from /corporate),WhatsApp Ali +44 7375 621453,"/corporate, /locations/little-venice-maida-vale, 2x business-friendly listings","Article, FAQPage, Service",CANDIDATE · PENDING_DATAFORSEO,,
36,apartments near regents park london,A6 landmark,navigational-commercial,50-300,high,Y,,,"Walking-time matrix from each Staylio Regent's Park & Marylebone listing to Regent's Park. 5-15 min walk = real proof. Tube alternatives, taxi cost.",/guides/near-regents-park,NEW,WhatsApp Ali +44 7375 621453,"/locations/regents-park-marylebone, 3x nearest listings, /faq#transport","Article, FAQPage, Place, GeoCoordinates",CANDIDATE · PENDING_DATAFORSEO,Cross-link from Little Venice + Maida Vale pages too — also walkable.,
37,apartments near hyde park london,A6 landmark,navigational-commercial,50-300,high,Y,,,Walking-time matrix from each Staylio Kensington & Hammersmith listing to Hyde Park / Kensington Gardens. Cross-link Marylebone (Cumberland gate walkable).,/guides/near-hyde-park,NEW,WhatsApp Ali +44 7375 621453,"/locations/kensington-hammersmith, /locations/regents-park-marylebone, 3x nearest listings","Article, FAQPage, Place, GeoCoordinates",CANDIDATE · PENDING_DATAFORSEO,,
38,apartments near borough market,A6 landmark,navigational-commercial,50-300,high,Y,,,Walking-time matrix from Staylio Borough & Pimlico listings to Borough Market (5-min walk for 163 New Kent Rd).,/guides/near-borough-market,NEW,WhatsApp Ali +44 7375 621453,"/locations/borough-pimlico, 3x nearest listings, /faq#transport","Article, FAQPage, Place, GeoCoordinates",CANDIDATE · PENDING_DATAFORSEO,,
39,apartments near imperial college london,A6 landmark,navigational-commercial,50-300,high,Y,,,Walking-time matrix from Staylio Kensington & Hammersmith listings to Imperial College + Imperial Healthcare Trust. Visiting-fellow / pharma audience.,/guides/near-imperial-college,NEW,WhatsApp Ali +44 7375 621453,"/locations/kensington-hammersmith, 3x nearest listings, /corporate","Article, FAQPage, Place, GeoCoordinates",CANDIDATE · PENDING_DATAFORSEO,,
40,apartments near barbican centre,A6 landmark,navigational-commercial,50-300,high,Y,,,"Walking-time matrix from Staylio Barbican & Farringdon listings to Barbican Centre. Arts/culture audience (concerts, theatre, cinema, Sadler's Wells).",/guides/near-barbican-centre,NEW,WhatsApp Ali +44 7375 621453,"/locations/barbican-farringdon, 3x nearest listings, /faq#transport","Article, FAQPage, Place, GeoCoordinates",CANDIDATE · PENDING_DATAFORSEO,,
41,apartments near liverpool street station,A6 landmark,navigational-commercial,50-300,high,Y,,,Walking-time matrix from Staylio Old Street & Shoreditch listings to Liverpool Street (Elizabeth/Stansted Express). Strong fit for fly-in business.,/guides/near-liverpool-street,NEW,WhatsApp Ali +44 7375 621453,"/locations/old-street-shoreditch, 3x nearest listings, /corporate","Article, FAQPage, Place, GeoCoordinates",CANDIDATE · PENDING_DATAFORSEO,,
42,apartments near marylebone station,A6 landmark,navigational-commercial,50-300,high,Y,,,Walking-time matrix from Staylio Regent's Park & Marylebone listings to Marylebone station (Chiltern Rail to Oxford/Birmingham).,/guides/near-marylebone-station,NEW,WhatsApp Ali +44 7375 621453,"/locations/regents-park-marylebone, 3x nearest listings, /faq#transport","Article, FAQPage, Place, GeoCoordinates",CANDIDATE · PENDING_DATAFORSEO,,
43,apartments near paddington station,A6 landmark,navigational-commercial,50-300,high,Y,,,Walking-time matrix from Staylio Little Venice & Maida Vale listings to Paddington (Heathrow Express 15min).,/guides/near-paddington,NEW,WhatsApp Ali +44 7375 621453,"/locations/little-venice-maida-vale, 3x nearest listings, /faq#transport","Article, FAQPage, Place, GeoCoordinates",CANDIDATE · PENDING_DATAFORSEO,,
44,apartments near london bridge station,A6 landmark,navigational-commercial,50-300,high,Y,,,"Walking-time matrix from Staylio Borough & Pimlico listings to London Bridge station (Jubilee/Northern, NR Brighton/Gatwick).",/guides/near-london-bridge,NEW,WhatsApp Ali +44 7375 621453,"/locations/borough-pimlico, 3x nearest listings, /faq#transport","Article, FAQPage, Place, GeoCoordinates",CANDIDATE · PENDING_DATAFORSEO,,
45,apartments near old street roundabout,A6 landmark,navigational-commercial,50-300,high,Y,,,Walking-time matrix from Staylio Old Street & Shoreditch listings to Old Street / Silicon Roundabout. Founder/engineer audience.,/guides/near-old-street,NEW,WhatsApp Ali +44 7375 621453,"/locations/old-street-shoreditch, 3x nearest listings, /corporate","Article, FAQPage, Place, GeoCoordinates",CANDIDATE · PENDING_DATAFORSEO,,
46,apartments near oxford circus,A6 landmark,navigational-commercial,50-300,high,Y,,,Walking-time matrix from Staylio Regent's Park & Marylebone listings to Oxford Circus + Bond Street. 10-min walk from most of the Marylebone portfolio.,/guides/near-oxford-circus,NEW,WhatsApp Ali +44 7375 621453,"/locations/regents-park-marylebone, /locations/fitzrovia-mayfair, 3x nearest listings","Article, FAQPage, Place, GeoCoordinates",CANDIDATE · PENDING_DATAFORSEO,,
47,apartments near tate modern,A6 landmark,navigational-commercial,50-300,high,Y,,,Walking-time matrix from Staylio Borough & Pimlico listings to Tate Modern / South Bank. Cultural-stay audience.,/guides/near-tate-modern,NEW,WhatsApp Ali +44 7375 621453,"/locations/borough-pimlico, 3x nearest listings, /faq#transport","Article, FAQPage, Place, GeoCoordinates",CANDIDATE · PENDING_DATAFORSEO,,
48,apartments near west end theatres,A6 landmark,navigational-commercial,50-300,high,Y,,,Walking-time matrix from Staylio Fitzrovia & Mayfair listings to West End theatres. Theatre-trip audience.,/guides/near-west-end-theatres,NEW,WhatsApp Ali +44 7375 621453,"/locations/fitzrovia-mayfair, /locations/regents-park-marylebone, 3x nearest listings","Article, FAQPage, Place, GeoCoordinates",CANDIDATE · PENDING_DATAFORSEO,,
49,apartments near canary wharf serviced,A6 landmark,navigational-commercial,50-300,high,Y,,,Honest framing: 'no apartments AT Canary Wharf' — but Elizabeth line from Farringdon/London Bridge = 8-12 min direct. Show the real commute matrix.,/guides/near-canary-wharf,NEW,WhatsApp Ali +44 7375 621453,"/locations/barbican-farringdon, /locations/borough-pimlico, 3x nearest listings, /corporate","Article, FAQPage, Place, GeoCoordinates",CANDIDATE · PENDING_DATAFORSEO,Decision: do we pursue this at all? No portfolio at Canary Wharf — risk of disappointing searcher.,
50,apartments near city of london,A6 landmark,navigational-commercial,50-300,high,Y,,,Walking-time matrix from Staylio Barbican & Farringdon listings to Bank / City of London. Direct Elizabeth-line catch-up for City finance audience.,/guides/near-city-of-london,NEW,WhatsApp Ali +44 7375 621453,"/locations/barbican-farringdon, /locations/old-street-shoreditch, 3x nearest listings, /corporate","Article, FAQPage, Place, GeoCoordinates",CANDIDATE · PENDING_DATAFORSEO,,
51,are serviced apartments cheaper than hotels,B question-intent,informational,500-2000,medium,Y,,,"Real cost comparison for 3 stay lengths (3 nights, 1 week, 1 month) at matched London 4-star vs Staylio. Honest: hotels win at 2 nights, SA wins at 5+. Show the actual maths.",/guides/serviced-apartments-vs-hotels-cost,NEW (deep dive — sits under existing /apartments-vs-hotels),WhatsApp Ali +44 7375 621453,"/apartments-vs-hotels, /corporate, /faq, 2x listings","FAQPage, Article, BreadcrumbList",CANDIDATE · PENDING_DATAFORSEO,HIGH PRIORITY — strong AI Overviews bait,
52,are serviced apartments cheaper than hotels long term,B question-intent,informational,100-500,medium,Y,,,Long-term (30+ nights) cost analysis. Bills-included math destroys hotel BAR. Council-tax exclusion. Loyalty pricing. Concrete example: Marylebone 30-night Staylio vs hotel.,/guides/serviced-apartments-vs-hotels-long-term,NEW,WhatsApp Ali +44 7375 621453,"/apartments-vs-hotels, /corporate, /faq, 2x listings","FAQPage, Article, BreadcrumbList",CANDIDATE · PENDING_DATAFORSEO,,
53,what is a serviced apartment,B question-intent,informational,1000-5000,high,Y,,,AI Overviews bait. Schema.org definition + Staylio's 1-paragraph version + 3-photo example unit + 8-bullet 'what's included'. Embeds well as featured snippet.,/guides/what-is-a-serviced-apartment,NEW,WhatsApp Ali +44 7375 621453,"/apartments-vs-hotels, /faq, /about, 2x listings","FAQPage, Article, DefinedTerm",CANDIDATE · PENDING_DATAFORSEO,HIGH PRIORITY — could be #1 AI Overviews target,
54,difference between serviced apartment and hotel,B question-intent,informational,200-800,medium,Y,,,Side-by-side table: kitchen / laundry / housekeeping cadence / bills / minimum stay / breakfast / front desk / dog policy. Cite Booking.com / Sonder / Airbnb for comparison rigour.,/guides/serviced-apartment-vs-hotel-difference,MERGE into existing /apartments-vs-hotels (expand to 800 words),WhatsApp Ali +44 7375 621453,"/apartments-vs-hotels, /corporate, /faq, 2x listings","FAQPage, Article",CANDIDATE · PENDING_DATAFORSEO,,
55,difference between airbnb and serviced apartment,B question-intent,informational,300-1000,medium,Y,,,"Airbnb-vs-SA: licensed-operator status, professional cleaning, business invoicing, Section 21 freedom. Honest where Airbnb wins (true entire-home, host charm).",/guides/airbnb-vs-serviced-apartment,NEW,WhatsApp Ali +44 7375 621453,"/apartments-vs-hotels, /corporate, /faq, 2x listings","FAQPage, Article",CANDIDATE · PENDING_DATAFORSEO,,
56,best area to stay in london for first time visitor,B question-intent,informational,1000-4000,high,Y,,,"Mini-guide using Staylio's 7 areas as the framework. Honest: 'first-timer' best in Marylebone or Borough (walkable, central, not Mayfair-priced). Soft pitch.",/guides/best-area-to-stay-london-first-time,NEW,WhatsApp Ali +44 7375 621453,"/locations, 3x /locations/[slug], 2x listings","FAQPage, Article, ItemList",CANDIDATE · PENDING_DATAFORSEO,HIGH PRIORITY — strongest AI Overviews bait,
57,best area to stay in london for business,B question-intent,informational,500-1500,medium,Y,,,Business-stay area picker. Tech meeting? Shoreditch / Farringdon. Finance? City via Farringdon or Barbican. Pharma / hospitals? Kensington. Maps to Staylio's listing zones.,/guides/best-area-to-stay-london-business,NEW,WhatsApp Ali +44 7375 621453,"/corporate, 3x /locations/[slug], 2x listings","FAQPage, Article, ItemList",CANDIDATE · PENDING_DATAFORSEO,,
58,best area to stay in london with family,B question-intent,informational,300-1000,medium,Y,,,Family pick: Kensington (museums + Hyde Park) or Marylebone (Regent's Park + Zoo). 2-bed inventory map. Stroller-friendly tube stations.,/guides/best-area-to-stay-london-family,NEW,WhatsApp Ali +44 7375 621453,"/locations/kensington-hammersmith, /locations/regents-park-marylebone, /apartments?bedrooms=2, /faq#family","FAQPage, Article, ItemList",CANDIDATE · PENDING_DATAFORSEO,,
59,best area to stay in london near tube,B question-intent,informational,100-500,medium,Y,,,Tube-line picker. Every Staylio area has 5min walk to a station — show which lines + Elizabeth-line wins. Cross-references all 7 location pages.,/guides/best-area-to-stay-london-near-tube,NEW,WhatsApp Ali +44 7375 621453,"/locations, 7x /locations/[slug], /faq#transport","FAQPage, Article, ItemList",CANDIDATE · PENDING_DATAFORSEO,,
60,pet friendly serviced apartments london,B question-intent,commercial,100-500,medium,N,,,"DECISION GATE: Staylio pet policy unclear in current FAQ — needs the operator confirmation before writing. If yes-some-units, list which. If no, skip this keyword.",/guides/pet-friendly-apartments-london,BLOCKED (needs policy decision),WhatsApp Ali +44 7375 621453,"/apartments?pets=1, /faq#pets","FAQPage, Article",CANDIDATE · BLOCKED,BLOCKED on the operator pet policy decision,
61,can you bring a dog to a serviced apartment,B question-intent,informational,50-200,low,Y,,,"Same blocker as above. If yes-some: schema-friendly Q&A 'Yes, in select Staylio units — currently 2 in Borough, 1 in Marylebone — £40 cleaning supplement'.",/faq/dogs,BLOCKED (needs policy decision),WhatsApp Ali +44 7375 621453,"/apartments?pets=1, /faq","FAQPage, Article",CANDIDATE · BLOCKED,BLOCKED on the operator pet policy decision,
62,do serviced apartments include bills,B question-intent,informational,100-500,low,Y,,,Staylio's full bills-included statement (already in llms.txt — promote to its own page for AI Overviews). What 'all bills' actually covers (elec/water/heat/Wi-Fi/council tax).,/guides/are-bills-included-serviced-apartments,NEW,WhatsApp Ali +44 7375 621453,"/faq#bills, /apartments-vs-hotels, /corporate, 2x listings","FAQPage, Article",CANDIDATE · PENDING_DATAFORSEO,EASY WIN — content already in llms.txt,
63,do serviced apartments include council tax,B question-intent,informational,50-200,low,Y,,,Council tax UK SA explainer. Staylio's position: included at all properties under <90-night holiday-let exemption + landlord pays for longer stays. Cite gov.uk.,/guides/serviced-apartment-council-tax,NEW,WhatsApp Ali +44 7375 621453,"/faq#bills, /corporate, /apartments-vs-hotels","FAQPage, Article",CANDIDATE · PENDING_DATAFORSEO,,
64,how long can you stay in a serviced apartment,B question-intent,informational,200-600,low,Y,,,"Minimum 3 nights, maximum (Staylio: indefinite via month-to-month renewal). Legal context (when does it become a tenancy). Tax thresholds. Real guest example: 14-month Marylebone stay.",/guides/how-long-can-you-stay-serviced-apartment,NEW,WhatsApp Ali +44 7375 621453,"/faq, /corporate, /apartments-vs-hotels, 2x listings","FAQPage, Article",CANDIDATE · PENDING_DATAFORSEO,,
65,serviced apartment vs flat rental london,B question-intent,informational,100-400,medium,Y,,,"SA vs AST tenancy. Deposit-free, no credit check, no tenancy agreement, flexible exit. Cost premium honestly stated (~30% over comparable AST). When SA wins (relocation, project work, between homes).",/guides/serviced-apartment-vs-flat-rental,NEW,WhatsApp Ali +44 7375 621453,"/corporate, /apartments-vs-hotels, /faq, 2x listings","FAQPage, Article",CANDIDATE · PENDING_DATAFORSEO,,
66,minimum stay serviced apartments london,B question-intent,informational,100-300,low,Y,,,"Staylio = 3 nights minimum, drops to 7 in shoulder season. Industry context: SACO/Native often 7-night min, hotels 1-night. Honest table.",/faq/minimum-stay,EXPAND existing /faq,WhatsApp Ali +44 7375 621453,"/faq, /apartments, /corporate","FAQPage, Article",CANDIDATE · PENDING_DATAFORSEO,,
67,serviced apartment vs aparthotel,B question-intent,informational,100-400,medium,Y,,,"SA = self-contained no front desk vs aparthotel = front desk + breakfast bar + smaller units. Pricing, target stay length, who picks which. Reference Locke/Native as aparthotels, Staylio/SilverDoor as SA.",/guides/serviced-apartment-vs-aparthotel,NEW,WhatsApp Ali +44 7375 621453,"/apartments-vs-hotels, /vs/locke-aparthotel-alternative, /faq","FAQPage, Article",CANDIDATE · PENDING_DATAFORSEO,,
68,what is included in a serviced apartment,B question-intent,informational,300-800,medium,Y,,,"AI Overviews target. The Staylio inclusion list, photographed (linen, kitchen, smart lock, Wi-Fi router, council tax statement). Specific not generic.",/guides/what-is-included-serviced-apartment,NEW,WhatsApp Ali +44 7375 621453,"/faq, /apartments-vs-hotels, 2x listings","FAQPage, Article, ItemList",CANDIDATE · PENDING_DATAFORSEO,HIGH PRIORITY — strong AI bait,
69,how do serviced apartments work,B question-intent,informational,300-1000,medium,Y,,,Process from search → book → check-in → live → check-out. Staylio's actual flow with screenshots. Demystifies for newcomers. Strong SEO + AI bait.,/guides/how-do-serviced-apartments-work,NEW,WhatsApp Ali +44 7375 621453,"/faq, /apartments-vs-hotels, /about, /contact","FAQPage, Article, HowTo",CANDIDATE · PENDING_DATAFORSEO,HIGH PRIORITY — strong AI bait,
70,cheapest serviced apartments central london,B question-intent,commercial,200-800,high,N,,,Be careful — 'cheapest' invites price-shopping that may not be Staylio's positioning (boutique/curated). Frame as 'best-value' not 'cheapest'. Show £125+ entry units.,/guides/best-value-serviced-apartments-london,NEW (renamed — see notes),WhatsApp Ali +44 7375 621453,"/apartments?sort=price-asc, /apartments-vs-hotels, /corporate","FAQPage, Article",CANDIDATE · NEEDS OPERATIONS DECISION,RENAMED from 'cheapest' to 'best-value' per the operator's boutique positioning. Decision needed: is the operator OK targeting this intent at all?,
71,serviced apartments with washing machine london,B question-intent,navigational,30-100,low,Y,,,"Bundle into an inclusion-table page. Every Staylio unit has washer-dryer — easy win, will rank quickly with low competition.",/guides/serviced-apartments-with-washing-machine,NEW (low-effort),WhatsApp Ali +44 7375 621453,"/apartments, /faq#amenities","FAQPage, Article",CANDIDATE · PENDING_DATAFORSEO,EASY WIN — low effort,
72,self catering apartments central london,B question-intent,commercial,200-800,medium,N,,,"'Self-catering' is a holiday-let synonym that ranks separately. Same Staylio inventory, different framing — emphasise fitted kitchen, Borough Market access.",/guides/self-catering-apartments-central-london,NEW,WhatsApp Ali +44 7375 621453,"/apartments, /locations, /apartments-vs-hotels","Article, FAQPage",CANDIDATE · PENDING_DATAFORSEO,,
73,where to stay in london for business trip,B question-intent,informational,200-800,medium,Y,,,Variant of 'best area for business'. Pure informational with soft hand-off to /corporate. Could merge with /guides/best-area-to-stay-london-business.,/guides/where-to-stay-london-business-trip,CONSIDER MERGING with B7,WhatsApp Ali +44 7375 621453,"/corporate, /locations, 3x /locations/[slug]","FAQPage, Article",CANDIDATE · PENDING_DATAFORSEO,,
74,best london area for monthly stay,B question-intent,informational,100-400,low,Y,,,Variant of 'best area for first time' but framed for 30-night-plus. Marylebone wins (longest-stay portfolio). Cross-links to monthly-rental pages (A2).,/guides/best-london-area-monthly-stay,NEW,WhatsApp Ali +44 7375 621453,"/locations, /corporate, 7x /guides/monthly-rental-*","FAQPage, Article, ItemList",CANDIDATE · PENDING_DATAFORSEO,,
75,serviced apartments for relocation london,B question-intent,commercial,100-500,medium,N,,,"Relocation-package angle. Single-contact AM, monthly invoicing, school/area input on first call. Differentiates from Sonder's self-serve flow.",/guides/serviced-apartments-relocation-london,NEW,WhatsApp Ali +44 7375 621453,"/corporate, /locations, 3x /guides/furnished-*","Article, FAQPage, Service",CANDIDATE · PENDING_DATAFORSEO,,
76,sonder alternative london,C vs/alternative,commercial,10-50,low-mid,N,,,"Honest comp: Sonder (tech-first, self-serve, no in-person AM) vs Staylio (boutique, human contact, lower price). Don't bash — describe. Bundle into single /vs/ table page.",/vs/sonder-london,NEW (low MSV but red-hot intent),WhatsApp Ali +44 7375 621453,"/apartments, /corporate, /about, /locations","Article, FAQPage",CANDIDATE · PENDING_DATAFORSEO,,
77,sonder vs serviced apartment london,C vs/alternative,informational,<10,low,N,,,Skip as standalone — fold into the Sonder comp page above.,/vs/sonder-london,FOLD INTO C1,WhatsApp Ali +44 7375 621453,"/apartments, /corporate, /about, /locations","Article, FAQPage",CANDIDATE · PENDING_DATAFORSEO,,
78,silverdoor alternative,C vs/alternative,commercial,10-30,low,N,,,SilverDoor is a B2B broker — different shape. Staylio is direct operator. Honest framing: 'we are what SilverDoor brokers'. Bundle.,/vs/silverdoor-london,NEW,WhatsApp Ali +44 7375 621453,"/apartments, /corporate, /about, /locations","Article, FAQPage",CANDIDATE · PENDING_DATAFORSEO,,
79,native london serviced apartments,C vs/alternative,navigational-commercial,100-300,medium,N,,,"Native is the dominant search-competitor. Don't try to rank for their branded term head-on — write a 'Staylio vs Native: same neighbourhoods, different rate card' angle.",/vs/native-vs-staylio,NEW (careful with branded-term policy),WhatsApp Ali +44 7375 621453,"/apartments, /corporate, /about, /locations","Article, FAQPage",CANDIDATE · NEEDS OPERATIONS DECISION,Branded-term targeting — Operations needs to approve. UK common practice; Sonder/Native both do it.,
80,airbnb monthly stay london,C vs/alternative,commercial,500-1500,high,Y,,,"Top of intent funnel. Airbnb's monthly discount math vs Staylio direct. Tax/regulation context (90-night cap, Section 21 protections). Strong AI Overview bait.",/guides/airbnb-monthly-stay-london,NEW,WhatsApp Ali +44 7375 621453,"/apartments-vs-hotels, /corporate, /apartments","Article, FAQPage, ComparativeContent",CANDIDATE · PENDING_DATAFORSEO,HIGH PRIORITY — strong AI bait + commercial,
81,airbnb vs serviced apartment long stay,C vs/alternative,informational,30-100,low,Y,,,Variant of B5 — could fold into /guides/airbnb-vs-serviced-apartment.,/guides/airbnb-vs-serviced-apartment,FOLD INTO B5,WhatsApp Ali +44 7375 621453,"/apartments-vs-hotels, /corporate, /apartments","Article, FAQPage",CANDIDATE · PENDING_DATAFORSEO,,
82,cheaper than sonder london,C vs/alternative,commercial,<10,low,N,,,Very low MSV but ultra-hot. Fold into /vs/sonder-london as a section.,/vs/sonder-london,FOLD INTO C1,WhatsApp Ali +44 7375 621453,"/apartments, /corporate, /about, /locations","Article, FAQPage",CANDIDATE · PENDING_DATAFORSEO,,
83,locke aparthotel alternative,C vs/alternative,commercial,<30,low,N,,,Locke is aparthotel category (smaller units + bar). Different positioning. Fold into a Locke comp section in a bundled /vs/ page.,/vs/london-serviced-apartments,FOLD INTO C13,WhatsApp Ali +44 7375 621453,"/apartments, /corporate, /about, /locations","Article, FAQPage",CANDIDATE · PENDING_DATAFORSEO,,
84,native places alternative,C vs/alternative,commercial,<30,low,N,,,Same as C8.,/vs/london-serviced-apartments,FOLD INTO C13,WhatsApp Ali +44 7375 621453,"/apartments, /corporate, /about, /locations","Article, FAQPage",CANDIDATE · PENDING_DATAFORSEO,,
85,cheval residences alternative,C vs/alternative,commercial,<30,low,N,,,Cheval is luxury (£500+). ICP mismatch — Staylio is mid-market. Mention but don't pursue as primary.,/vs/london-serviced-apartments,FOLD INTO C13 (with disclaimer),WhatsApp Ali +44 7375 621453,"/apartments, /corporate, /about, /locations","Article, FAQPage",CANDIDATE · PENDING_DATAFORSEO,,
86,saco apartments alternative,C vs/alternative,commercial,10-50,low,N,,,SACO/Edyn is corporate-broker scale. Fold.,/vs/london-serviced-apartments,FOLD INTO C13,WhatsApp Ali +44 7375 621453,"/apartments, /corporate, /about, /locations","Article, FAQPage",CANDIDATE · PENDING_DATAFORSEO,,
87,edyn group alternative,C vs/alternative,commercial,<10,low,N,,,Same as C11.,/vs/london-serviced-apartments,FOLD INTO C13,WhatsApp Ali +44 7375 621453,"/apartments, /corporate, /about, /locations","Article, FAQPage",CANDIDATE · PENDING_DATAFORSEO,,
88,best serviced apartment operator london,C vs/alternative,commercial,50-200,medium,Y,,,"Listicle-format target. Honest ranking: who wins on price (Staylio), volume (SACO), luxury (Cheval), tech (Sonder), aparthotel (Locke). Cite ourselves last in the ranking — gives credibility.",/guides/best-serviced-apartment-operators-london,NEW (could host the bundled vs/ table),WhatsApp Ali +44 7375 621453,"/apartments, /corporate, /about, /vs/* nested","Article, FAQPage, ItemList",CANDIDATE · PENDING_DATAFORSEO,,
89,independent serviced apartment london,C vs/alternative,commercial,30-100,low,N,,,Strong Staylio fit. 'Independent' = not part of SACO/Edyn/Cheval roll-up. Founder-led. Honest about size (43 units = small not tiny).,/guides/independent-serviced-apartments-london,NEW,WhatsApp Ali +44 7375 621453,"/about, /apartments, /corporate","Article, FAQPage",CANDIDATE · PENDING_DATAFORSEO,STRONG BRAND FIT,
90,boutique serviced apartments london,C vs/alternative,commercial,100-500,medium,N,,,"ON-BRAND target. Staylio's brand voice is locked 'boutique, curated, warm'. Map to actual portfolio: Marylebone townhouses, Maida Vale mansion blocks. Hero page.",/guides/boutique-serviced-apartments-london,NEW (priority — strongest brand fit),WhatsApp Ali +44 7375 621453,"/about, /apartments, /locations, 7x /locations/[slug]","Article, FAQPage, ItemList",CANDIDATE · PENDING_DATAFORSEO,HIGH PRIORITY — strongest brand fit,
